"idcliente","totalgasto"
146460,280206.0200000000006690
181020,259657.300000000000739
174500,194390.789999999999318
164460,168472.50
149110,143711.1700000000019370
124150,124914.530000000000629
141560,117193.5800000000011423
175110,91062.380000000000960
160290,80613.239999999999992
123460,77183.6
